{"Title":"ArchiForge.Benchmarks.AgentDispatchMicroBenchmarks-20260405-004039","HostEnvironmentInfo":{"BenchmarkDotNetCaption":"BenchmarkDotNet","BenchmarkDotNetVersion":"0.14.0","OsVersion":"Windows 11 (10.0.26200.8037)","ProcessorName":"11th Gen Intel Core i5-1135G7 2.40GHz","PhysicalProcessorCount":1,"PhysicalCoreCount":4,"LogicalCoreCount":8,"RuntimeVersion":".NET 10.0.5 (10.0.526.15411)","Architecture":"X64","HasAttachedDebugger":false,"HasRyuJit":true,"Configuration":"RELEASE","DotNetCliVersion":"10.0.201","ChronometerFrequency":{"Hertz":10000000},"HardwareTimerKind":"Unknown"},"Benchmarks":[{"DisplayInfo":"AgentDispatchMicroBenchmarks.OrderTasksByDispatchKey: ShortRun(IterationCount=3, LaunchCount=1, WarmupCount=3)","Namespace":"ArchiForge.Benchmarks","Type":"AgentDispatchMicroBenchmarks","Method":"OrderTasksByDispatchKey","MethodTitle":"OrderTasksByDispatchKey","Parameters":"","FullName":"ArchiForge.Benchmarks.AgentDispatchMicroBenchmarks.OrderTasksByDispatchKey","HardwareIntrinsics":"AVX-512F+CD+BW+DQ+VL+VBMI,AES,BMI1,BMI2,FMA,LZCNT,PCLMUL,POPCNT VectorSize=256","Statistics":{"OriginalValues":[158.45019817352295,141.75348281860352,153.72686386108398],"N":3,"Min":141.75348281860352,"LowerFence":135.21763682365417,"Q1":147.74017333984375,"Median":153.72686386108398,"Mean":151.31018161773682,"Q3":156.08853101730347,"UpperFence":168.61106753349304,"Max":158.45019817352295,"InterquartileRange":8.348357677459717,"LowerOutliers":[],"UpperOutliers":[],"AllOutliers":[],"StandardError":4.969082434071128,"Variance":74.07534070978272,"StandardDeviation":8.60670324280922,"Skewness":-0.2586522030322408,"Kurtosis":0.6666666666666666,"ConfidenceInterval":{"N":3,"Mean":151.31018161773682,"StandardError":4.969082434071128,"Level":12,"Margin":157.0183063936548,"Lower":-5.70812477591798,"Upper":308.32848801139164},"Percentiles":{"P0":141.75348281860352,"P25":147.74017333984375,"P50":153.72686386108398,"P67":155.33279752731323,"P80":156.56086444854736,"P85":157.03319787979126,"P90":157.50553131103516,"P95":157.97786474227905,"P100":158.45019817352295}},"Memory":{"Gen0Collections":417,"Gen1Collections":0,"Gen2Collections":0,"TotalOperations":4194304,"BytesAllocatedPerOperation":416},"Measurements":[{"IterationMode":"Overhead","IterationStage":"Jitting","LaunchIndex":1,"IterationIndex":1,"Operations":1,"Nanoseconds":306100},{"IterationMode":"Workload","IterationStage":"Jitting","LaunchIndex":1,"IterationIndex":1,"Operations":1,"Nanoseconds":924800},{"IterationMode":"Overhead","IterationStage":"Jitting","LaunchIndex":1,"IterationIndex":2,"Operations":16,"Nanoseconds":538900},{"IterationMode":"Workload","IterationStage":"Jitting","LaunchIndex":1,"IterationIndex":2,"Operations":16,"Nanoseconds":982800},{"IterationMode":"Workload","IterationStage":"Pilot","LaunchIndex":1,"IterationIndex":1,"Operations":16,"Nanoseconds":23700},{"IterationMode":"Workload","IterationStage":"Pilot","LaunchIndex":1,"IterationIndex":2,"Operations":32,"Nanoseconds":40100},{"IterationMode":"Workload","IterationStage":"Pilot","LaunchIndex":1,"IterationIndex":3,"Operations":64,"Nanoseconds":55000},{"IterationMode":"Workload","IterationStage":"Pilot","LaunchIndex":1,"IterationIndex":4,"Operations":128,"Nanoseconds":115700},{"IterationMode":"Workload","IterationStage":"Pilot","LaunchIndex":1,"IterationIndex":5,"Operations":256,"Nanoseconds":175500},{"IterationMode":"Workload","IterationStage":"Pilot","LaunchIndex":1,"IterationIndex":6,"Operations":512,"Nanoseconds":373200},{"IterationMode":"Workload","IterationStage":"Pilot","LaunchIndex":1,"IterationIndex":7,"Operations":1024,"Nanoseconds":597900},{"IterationMode":"Workload","IterationStage":"Pilot","LaunchIndex":1,"IterationIndex":8,"Operations":2048,"Nanoseconds":1275900},{"IterationMode":"Workload","IterationStage":"Pilot","LaunchIndex":1,"IterationIndex":9,"Operations":4096,"Nanoseconds":2380700},{"IterationMode":"Workload","IterationStage":"Pilot","LaunchIndex":1,"IterationIndex":10,"Operations":8192,"Nanoseconds":5123500},{"IterationMode":"Workload","IterationStage":"Pilot","LaunchIndex":1,"IterationIndex":11,"Operations":16384,"Nanoseconds":8868400},{"IterationMode":"Workload","IterationStage":"Pilot","LaunchIndex":1,"IterationIndex":12,"Operations":32768,"Nanoseconds":16528000},{"IterationMode":"Workload","IterationStage":"Pilot","LaunchIndex":1,"IterationIndex":13,"Operations":65536,"Nanoseconds":32941900},{"IterationMode":"Workload","IterationStage":"Pilot","LaunchIndex":1,"IterationIndex":14,"Operations":131072,"Nanoseconds":65986500},{"IterationMode":"Workload","IterationStage":"Pilot","LaunchIndex":1,"IterationIndex":15,"Operations":262144,"Nanoseconds":138555700},{"IterationMode":"Workload","IterationStage":"Pilot","LaunchIndex":1,"IterationIndex":16,"Operations":524288,"Nanoseconds":115558600},{"IterationMode":"Workload","IterationStage":"Pilot","LaunchIndex":1,"IterationIndex":17,"Operations":1048576,"Nanoseconds":151157100},{"IterationMode":"Workload","IterationStage":"Pilot","LaunchIndex":1,"IterationIndex":18,"Operations":2097152,"Nanoseconds":350308700},{"IterationMode":"Workload","IterationStage":"Pilot","LaunchIndex":1,"IterationIndex":19,"Operations":4194304,"Nanoseconds":616319100},{"IterationMode":"Overhead","IterationStage":"Warmup","LaunchIndex":1,"IterationIndex":1,"Operations":4194304,"Nanoseconds":18355200},{"IterationMode":"Overhead","IterationStage":"Warmup","LaunchIndex":1,"IterationIndex":2,"Operations":4194304,"Nanoseconds":17974200},{"IterationMode":"Overhead","IterationStage":"Warmup","LaunchIndex":1,"IterationIndex":3,"Operations":4194304,"Nanoseconds":17019600},{"IterationMode":"Overhead","IterationStage":"Warmup","LaunchIndex":1,"IterationIndex":4,"Operations":4194304,"Nanoseconds":17100700},{"IterationMode":"Overhead","IterationStage":"Warmup","LaunchIndex":1,"IterationIndex":5,"Operations":4194304,"Nanoseconds":17058100},{"IterationMode":"Overhead","IterationStage":"Warmup","LaunchIndex":1,"IterationIndex":6,"Operations":4194304,"Nanoseconds":16925300},{"IterationMode":"Overhead","IterationStage":"Warmup","LaunchIndex":1,"IterationIndex":7,"Operations":4194304,"Nanoseconds":16999300},{"IterationMode":"Overhead","IterationStage":"Warmup","LaunchIndex":1,"IterationIndex":8,"Operations":4194304,"Nanoseconds":16920200},{"IterationMode":"Overhead","IterationStage":"Actual","LaunchIndex":1,"IterationIndex":1,"Operations":4194304,"Nanoseconds":17018600},{"IterationMode":"Overhead","IterationStage":"Actual","LaunchIndex":1,"IterationIndex":2,"Operations":4194304,"Nanoseconds":17166300},{"IterationMode":"Overhead","IterationStage":"Actual","LaunchIndex":1,"IterationIndex":3,"Operations":4194304,"Nanoseconds":17325500},{"IterationMode":"Overhead","IterationStage":"Actual","LaunchIndex":1,"IterationIndex":4,"Operations":4194304,"Nanoseconds":17548900},{"IterationMode":"Overhead","IterationStage":"Actual","LaunchIndex":1,"IterationIndex":5,"Operations":4194304,"Nanoseconds":16827200},{"IterationMode":"Overhead","IterationStage":"Actual","LaunchIndex":1,"IterationIndex":6,"Operations":4194304,"Nanoseconds":16974700},{"IterationMode":"Overhead","IterationStage":"Actual","LaunchIndex":1,"IterationIndex":7,"Operations":4194304,"Nanoseconds":17026400},{"IterationMode":"Overhead","IterationStage":"Actual","LaunchIndex":1,"IterationIndex":8,"Operations":4194304,"Nanoseconds":17337300},{"IterationMode":"Overhead","IterationStage":"Actual","LaunchIndex":1,"IterationIndex":9,"Operations":4194304,"Nanoseconds":17286900},{"IterationMode":"Overhead","IterationStage":"Actual","LaunchIndex":1,"IterationIndex":10,"Operations":4194304,"Nanoseconds":18001600},{"IterationMode":"Overhead","IterationStage":"Actual","LaunchIndex":1,"IterationIndex":11,"Operations":4194304,"Nanoseconds":18231500},{"IterationMode":"Overhead","IterationStage":"Actual","LaunchIndex":1,"IterationIndex":12,"Operations":4194304,"Nanoseconds":18162700},{"IterationMode":"Overhead","IterationStage":"Actual","LaunchIndex":1,"IterationIndex":13,